id,champion,faction,url
74045,Mavara The Web Diviner,dark-elves,https://hellhades.com/raid/champions/mavara-the-web-diviner/
810,Vergis,high-elves,https://hellhades.com/raid/champions/vergis/
1287,Banshee,undead-hordes,https://hellhades.com/raid/champions/banshee/
1225,Apothecary,high-elves,https://hellhades.com/raid/champions/apothecary/
1606,Coldheart,dark-elves,https://hellhades.com/raid/champions/coldheart/
21357,Ranger,dark-elves,https://hellhades.com/raid/champions/ranger/
1430,Mystic Hand,dark-elves,https://hellhades.com/raid/champions/mystic-hand/
692,Blind Seer,dark-elves,https://hellhades.com/raid/champions/blind-seer/
21551,Militia,sacred-order,https://hellhades.com/raid/champions/militia/
678,Astralith,dark-elves,https://hellhades.com/raid/champions/astralith/
1485,Hyria,high-elves,https://hellhades.com/raid/champions/hyria/
1013,Marksman,high-elves,https://hellhades.com/raid/champions/marksman/
1142,Battlesage,high-elves,https://hellhades.com/raid/champions/battlesage/
971,Royal Guard,high-elves,https://hellhades.com/raid/champions/royal-guard/
1620,Cataphract,bannerlords,https://hellhades.com/raid/champions/cataphract/
1594,Crossbowman,bannerlords,https://hellhades.com/raid/champions/crossbowman/
865,Raglin,bannerlords,https://hellhades.com/raid/champions/raglin/
1063,Hordin,bannerlords,https://hellhades.com/raid/champions/hordin/
973,Rowan,bannerlords,https://hellhades.com/raid/champions/rowan/
622,Tayrel,high-elves,https://hellhades.com/raid/champions/tayrel/
21491,Deathknight,undead-hordes,https://hellhades.com/raid/champions/deathknight/
21426,Death Hound,undead-hordes,https://hellhades.com/raid/champions/death-hound/
21320,Bandit,bannerlords,https://hellhades.com/raid/champions/bandit/
1426,Outlaw Monk,sacred-order,https://hellhades.com/raid/champions/outlaw-monk/
769,Lugan the Steadfast,bannerlords,https://hellhades.com/raid/champions/lugan-the-steadfast/
1241,Arcanist,knight-revenant,https://hellhades.com/raid/champions/arcanist/
1025,Luria,dark-elves,https://hellhades.com/raid/champions/luria/
1400,Raider,orcs,https://hellhades.com/raid/champions/raider/
1096,Faceless,knight-revenant,https://hellhades.com/raid/champions/faceless/
21539,Drillmaster,sacred-order,https://hellhades.com/raid/champions/drillmaster/
845,Thenasil,high-elves,https://hellhades.com/raid/champions/thenasil/
1477,Judge,dark-elves,https://hellhades.com/raid/champions/judge/
1079,Gorgorab,undead-hordes,https://hellhades.com/raid/champions/gorgorab/
1271,Avenger,high-elves,https://hellhades.com/raid/champions/avenger/
1564,Executioner,knight-revenant,https://hellhades.com/raid/champions/executioner/
1187,Tomb Lord,knight-revenant,https://hellhades.com/raid/champions/tomb-lord/
997,Oathbound,bannerlords,https://hellhades.com/raid/champions/oathbound/
690,Black Knight,bannerlords,https://hellhades.com/raid/champions/black-knight/
682,Baron,bannerlords,https://hellhades.com/raid/champions/baron/
1505,Heiress,high-elves,https://hellhades.com/raid/champions/heiress/
21353,Magekiller,dark-elves,https://hellhades.com/raid/champions/magekiller/
949,Skartorsis,undead-hordes,https://hellhades.com/raid/champions/skartorsis/
1396,Renegade,knight-revenant,https://hellhades.com/raid/champions/renegade/
1234,Arbalester,undead-hordes,https://hellhades.com/raid/champions/arbalester/
937,Septimus,bannerlords,https://hellhades.com/raid/champions/septimus/
1240,Valerie,bannerlords,https://hellhades.com/raid/champions/valerie/
1040,Knight-Errant,bannerlords,https://hellhades.com/raid/champions/knight-errant/
21631,Skullsquire,undead-hordes,https://hellhades.com/raid/champions/skullsquire/
21402,Fireblade,bannerlords,https://hellhades.com/raid/champions/fireblade/
21503,Yeoman,sacred-order,https://hellhades.com/raid/champions/yeoman/
21635,Dhampir,undead-hordes,https://hellhades.com/raid/champions/dhampir/
1317,Templar,sacred-order,https://hellhades.com/raid/champions/templar/
900,Sinesha,knight-revenant,https://hellhades.com/raid/champions/sinesha/
21396,Duelist,bannerlords,https://hellhades.com/raid/champions/duelist/
21542,Sergeant,sacred-order,https://hellhades.com/raid/champions/sergeant/
1379,Sentinel,barbarians,https://hellhades.com/raid/champions/sentinel/
21632,Skellag,undead-hordes,https://hellhades.com/raid/champions/skellag/
861,Rae,dark-elves,https://hellhades.com/raid/champions/rae/
1329,Spirithost,dark-elves,https://hellhades.com/raid/champions/spirithost/
886,Spider,dark-elves,https://hellhades.com/raid/champions/spider/
1121,Crimson Helm,dark-elves,https://hellhades.com/raid/champions/crimson-helm/
771,Zelotah,undead-hordes,https://hellhades.com/raid/champions/zelotah/
1028,Lua,dark-elves,https://hellhades.com/raid/champions/lua/
843,Torturehelm,orcs,https://hellhades.com/raid/champions/torturehelm/
1548,Furystoker,ogryn-tribes,https://hellhades.com/raid/champions/furystoker/
897,Skullcrusher,ogryn-tribes,https://hellhades.com/raid/champions/skullcrusher/
1303,Warlord,orcs,https://hellhades.com/raid/champions/warlord/
1455,Magmablood,ogryn-tribes,https://hellhades.com/raid/champions/magmablood/
21344,Warboy,orcs,https://hellhades.com/raid/champions/warboy/
1479,Ironclad,orcs,https://hellhades.com/raid/champions/ironclad/
21571,Brute,ogryn-tribes,https://hellhades.com/raid/champions/brute/
21287,Axeman,bannerlords,https://hellhades.com/raid/champions/axeman/
21328,Swordsman,bannerlords,https://hellhades.com/raid/champions/swordsman/
21621,Warchanter,orcs,https://hellhades.com/raid/champions/warchanter/
21398,Commander,bannerlords,https://hellhades.com/raid/champions/commander/
1361,Sorceress,undead-hordes,https://hellhades.com/raid/champions/sorceress/
1624,Bone Knight,undead-hordes,https://hellhades.com/raid/champions/bone-knight/
21620,Satyr,skinwalkers,https://hellhades.com/raid/champions/satyr/
1525,Graybeard,skinwalkers,https://hellhades.com/raid/champions/graybeard/
21364,Archer,bannerlords,https://hellhades.com/raid/champions/archer/
1602,Conquerer,bannerlords,https://hellhades.com/raid/champions/conquerer/
21558,Spiritwalker,barbarians,https://hellhades.com/raid/champions/spiritwalker/
1219,Warmaiden,barbarians,https://hellhades.com/raid/champions/warmaiden/
1636,Berserker,barbarians,https://hellhades.com/raid/champions/berserker/
21560,Outlander,barbarians,https://hellhades.com/raid/champions/outlander/
21326,Pikeman,bannerlords,https://hellhades.com/raid/champions/pikeman/
21552,Vigilante,sacred-order,https://hellhades.com/raid/champions/vigilante/
1628,Bogwalker,lizardmen,https://hellhades.com/raid/champions/bogwalker/
1435,Muckstalker,lizardmen,https://hellhades.com/raid/champions/muckstalker/
1371,Skullsworn,lizardmen,https://hellhades.com/raid/champions/skullsworn/
1519,Guardian,knight-revenant,https://hellhades.com/raid/champions/guardian/
765,Lord Champfort,bannerlords,https://hellhades.com/raid/champions/lord-champfort/
731,Fu-Shan,lizardmen,https://hellhades.com/raid/champions/fu-shan/
788,Ma&#8217;Shalled,undead-hordes,https://hellhades.com/raid/champions/mashalled/
1301,Warchief,skinwalkers,https://hellhades.com/raid/champions/warchief/
857,Queen Eva,dark-elves,https://hellhades.com/raid/champions/queen-eva/
680,Bad-el-Kazar,undead-hordes,https://hellhades.com/raid/champions/bad-el-kazar/
688,Big &#8216;Un,ogryn-tribes,https://hellhades.com/raid/champions/big-un/
699,Bystophus,knight-revenant,https://hellhades.com/raid/champions/bystophus/
825,Mortu-Macaab,demonspawn,https://hellhades.com/raid/champions/mortu-macaab/
1390,Rocktooth,ogryn-tribes,https://hellhades.com/raid/champions/rocktooth/
914,Shatterbones,ogryn-tribes,https://hellhades.com/raid/champions/shatterbones/
1102,Erinyes,demonspawn,https://hellhades.com/raid/champions/erinyes/
641,Alure,demonspawn,https://hellhades.com/raid/champions/alure/
21496,Knecht,sacred-order,https://hellhades.com/raid/champions/knecht/
1260,Armiger,sacred-order,https://hellhades.com/raid/champions/armiger/
1321,Rockbeast,ogryn-tribes,https://hellhades.com/raid/champions/rockbeast/
1015,Maneater,ogryn-tribes,https://hellhades.com/raid/champions/maneater/
21611,Skinner,lizardmen,https://hellhades.com/raid/champions/skinner/
21338,Troglodyte,lizardmen,https://hellhades.com/raid/champions/troglodyte/
1535,Gnarlhorn,skinwalkers,https://hellhades.com/raid/champions/gnarlhorn/
1579,Doomscreech,undead-hordes,https://hellhades.com/raid/champions/doomscreech/
966,Seeker,undead-hordes,https://hellhades.com/raid/champions/seeker/
1554,Flinger,lizardmen,https://hellhades.com/raid/champions/flinger/
1487,Hurler,lizardmen,https://hellhades.com/raid/champions/hurler/
1136,Broadmaw,lizardmen,https://hellhades.com/raid/champions/broadmaw/
875,Rhazin Scarhide,lizardmen,https://hellhades.com/raid/champions/rhazin-scarhide/
21617,Saurus,lizardmen,https://hellhades.com/raid/champions/saurus/
1151,Azure,bannerlords,https://hellhades.com/raid/champions/azure-2/
21633,Vulpine,undead-hordes,https://hellhades.com/raid/champions/vulpine/
1523,Grinner,undead-hordes,https://hellhades.com/raid/champions/grinner/
1061,Husk,undead-hordes,https://hellhades.com/raid/champions/husk/
21637,Redeemer,dark-elves,https://hellhades.com/raid/champions/redeemer/
802,Warden,dark-elves,https://hellhades.com/raid/champions/warden/
21618,Windtalker,skinwalkers,https://hellhades.com/raid/champions/windtalker/
21408,Jaeger,high-elves,https://hellhades.com/raid/champions/jaeger/
1533,Goremask,orcs,https://hellhades.com/raid/champions/goremask/
1630,Bloodpainter,skinwalkers,https://hellhades.com/raid/champions/bloodpainter/
749,Ithos,high-elves,https://hellhades.com/raid/champions/ithos/
1587,Deathchanter,orcs,https://hellhades.com/raid/champions/deathchanter/
1230,Veteran,orcs,https://hellhades.com/raid/champions/veteran/
849,Terrorbeast,orcs,https://hellhades.com/raid/champions/terrorbeast/
1610,Chopper,orcs,https://hellhades.com/raid/champions/chopper/
963,Seer,orcs,https://hellhades.com/raid/champions/seer/
1057,Jarang,lizardmen,https://hellhades.com/raid/champions/jarang/
1104,Drake,lizardmen,https://hellhades.com/raid/champions/drake/
713,Dracomorph,lizardmen,https://hellhades.com/raid/champions/dracomorph/
21639,Cultist,knight-revenant,https://hellhades.com/raid/champions/cultist/
21641,Herald,knight-revenant,https://hellhades.com/raid/champions/herald/
21640,Admonitor,knight-revenant,https://hellhades.com/raid/champions/admonitor/
643,Aothar,sacred-order,https://hellhades.com/raid/champions/aothar/
21543,Intercessor,sacred-order,https://hellhades.com/raid/champions/intercessor/
21540,Battle Sister,sacred-order,https://hellhades.com/raid/champions/battle-sister/
767,Lord Shazar,demonspawn,https://hellhades.com/raid/champions/lord-shazar/
855,Prince Kymar,demonspawn,https://hellhades.com/raid/champions/prince-kymar/
21627,Incubus,demonspawn,https://hellhades.com/raid/champions/incubus/
1491,Hound Spawn,demonspawn,https://hellhades.com/raid/champions/hound-spawn/
1503,Hellfang,demonspawn,https://hellhades.com/raid/champions/hellfang/
1546,Galek,orcs,https://hellhades.com/raid/champions/galek/
1568,Elhain,high-elves,https://hellhades.com/raid/champions/elhain/
1268,Athel,sacred-order,https://hellhades.com/raid/champions/athel/
1471,Kael,dark-elves,https://hellhades.com/raid/champions/kael/
1367,Slayer,barbarians,https://hellhades.com/raid/champions/slayer/
1447,Marked,barbarians,https://hellhades.com/raid/champions/marked/
21559,Pit Fighter,barbarians,https://hellhades.com/raid/champions/pit-fighter/
21555,Ritualist,barbarians,https://hellhades.com/raid/champions/ritualist/
1255,Theurgist,knight-revenant,https://hellhades.com/raid/champions/theurgist/
1642,SkullCrown,knight-revenant,https://hellhades.com/raid/champions/skullcrown/
1539,Gladiator,knight-revenant,https://hellhades.com/raid/champions/gladiator/
1112,Deathless,knight-revenant,https://hellhades.com/raid/champions/deathless/
1038,Kytis,knight-revenant,https://hellhades.com/raid/champions/kytis/
1377,Siegebreaker,ogryn-tribes,https://hellhades.com/raid/champions/siegebreaker/
889,Souldrinker,demonspawn,https://hellhades.com/raid/champions/souldrinker/
1585,Diabolist,demonspawn,https://hellhades.com/raid/champions/diabolist/
1001,Nazana,demonspawn,https://hellhades.com/raid/champions/nazana/
1331,Spikehead,orcs,https://hellhades.com/raid/champions/spikehead/
808,Vrask,orcs,https://hellhades.com/raid/champions/vrask/
21624,Throatcutter,orcs,https://hellhades.com/raid/champions/throatcutter/
21613,Hardscale,lizardmen,https://hellhades.com/raid/champions/hardscale/
21616,Stalker,lizardmen,https://hellhades.com/raid/champions/stalker/
21502,Sister Militant,sacred-order,https://hellhades.com/raid/champions/sister-militant/
1098,Exemplar,high-elves,https://hellhades.com/raid/champions/exemplar/
21411,Elfguard,high-elves,https://hellhades.com/raid/champions/elfguard/
1023,Luthiea,high-elves,https://hellhades.com/raid/champions/luthiea/
776,Zargala,orcs,https://hellhades.com/raid/champions/zargala/
780,Lyssandra,high-elves,https://hellhades.com/raid/champions/lyssandra/
1489,Huntress,orcs,https://hellhades.com/raid/champions/huntress/
727,Errol,sacred-order,https://hellhades.com/raid/champions/errol/
790,Martyr,sacred-order,https://hellhades.com/raid/champions/martyr/
833,Norog,skinwalkers,https://hellhades.com/raid/champions/norog/
868,Steelskull,skinwalkers,https://hellhades.com/raid/champions/steelskull/
1042,Karam,undead-hordes,https://hellhades.com/raid/champions/karam/
694,Bloodgorged,undead-hordes,https://hellhades.com/raid/champions/bloodgorged/
831,Nethril,undead-hordes,https://hellhades.com/raid/champions/nethril/
1034,Lich,undead-hordes,https://hellhades.com/raid/champions/lich/
21563,Shieldguard,barbarians,https://hellhades.com/raid/champions/shieldguard/
1517,Halberdier,bannerlords,https://hellhades.com/raid/champions/halberdier/
1140,Bloodfeather,orcs,https://hellhades.com/raid/champions/bloodfeather/
21400,Squire,bannerlords,https://hellhades.com/raid/champions/squire/
1416,Paragon,dark-elves,https://hellhades.com/raid/champions/paragon/
733,Ghostborn,dark-elves,https://hellhades.com/raid/champions/ghostborn/
1453,Magus,knight-revenant,https://hellhades.com/raid/champions/magus/
988,Psylar,dark-elves,https://hellhades.com/raid/champions/psylar/
1616,Channeler,skinwalkers,https://hellhades.com/raid/champions/channeler/
1408,Preserver,bannerlords,https://hellhades.com/raid/champions/preserver/
21544,Pilgrim,sacred-order,https://hellhades.com/raid/champions/pilgrim/
21499,Preacher,sacred-order,https://hellhades.com/raid/champions/preacher/
1501,Hexweaver,dark-elves,https://hellhades.com/raid/champions/hexweaver/
1414,Penitent,sacred-order,https://hellhades.com/raid/champions/penitent/
21564,Outrider,barbarians,https://hellhades.com/raid/champions/outrider/
1127,Cardinal,sacred-order,https://hellhades.com/raid/champions/cardinal/
1192,Acolyte,knight-revenant,https://hellhades.com/raid/champions/acolyte/
21369,Stalwart,bannerlords,https://hellhades.com/raid/champions/stalwart/
1571,Elder,barbarians,https://hellhades.com/raid/champions/elder/
1598,Courtier,bannerlords,https://hellhades.com/raid/champions/courtier/
906,Roshcard the Tower,sacred-order,https://hellhades.com/raid/champions/roshcard-the-tower/
1216,Warpriest,sacred-order,https://hellhades.com/raid/champions/warpriest/
1604,Confessor,sacred-order,https://hellhades.com/raid/champions/confessor/
1138,Bonekeeper,orcs,https://hellhades.com/raid/champions/bonekeeper/
1634,Bloodbraid,barbarians,https://hellhades.com/raid/champions/bloodbraid/
1220,Anointed,barbarians,https://hellhades.com/raid/champions/anointed/
21550,Crusader,sacred-order,https://hellhades.com/raid/champions/crusader/
21636,Sniper,dark-elves,https://hellhades.com/raid/champions/sniper/
1077,Grimskin,ogryn-tribes,https://hellhades.com/raid/champions/grimskin/
1130,Canoness,sacred-order,https://hellhades.com/raid/champions/canoness/
21626,Lemure,demonspawn,https://hellhades.com/raid/champions/lemure/
1273,Valkyrie,barbarians,https://hellhades.com/raid/champions/valkyrie/
1161,Aina,barbarians,https://hellhades.com/raid/champions/aina-2/
1614,Chaplain,sacred-order,https://hellhades.com/raid/champions/chaplain/
1468,Lamellar,sacred-order,https://hellhades.com/raid/champions/lamellar/
1475,Judicator,sacred-order,https://hellhades.com/raid/champions/judicator/
21497,Novitiate,sacred-order,https://hellhades.com/raid/champions/novitiate/
1473,Justiciar,sacred-order,https://hellhades.com/raid/champions/justiciar/
993,Peydma,demonspawn,https://hellhades.com/raid/champions/peydma/
1369,Slasher,lizardmen,https://hellhades.com/raid/champions/slasher/
943,Shirimani,high-elves,https://hellhades.com/raid/champions/shirimani/
794,Woad-Painted,barbarians,https://hellhades.com/raid/champions/woad-painted/
674,Angar,orcs,https://hellhades.com/raid/champions/angar/
1071,Hexia,undead-hordes,https://hellhades.com/raid/champions/hexia/
21488,Hellhound,undead-hordes,https://hellhades.com/raid/champions/hellhound/
1439,Metalshaper,lizardmen,https://hellhades.com/raid/champions/metalshaper/
399,Abbess,sacred-order,https://hellhades.com/raid/champions/abbess/
877,Richtoff the Bold,bannerlords,https://hellhades.com/raid/champions/richtoff-the-bold/
902,Robar,orcs,https://hellhades.com/raid/champions/robar/
1073,Hellgazer,demonspawn,https://hellhades.com/raid/champions/hellgazer/
953,Soulless,knight-revenant,https://hellhades.com/raid/champions/soulless/
725,Elenaril,high-elves,https://hellhades.com/raid/champions/elenaril/
1197,Turvold,barbarians,https://hellhades.com/raid/champions/turvold/
1202,Wretch,undead-hordes,https://hellhades.com/raid/champions/wretch/
939,Sethallia,bannerlords,https://hellhades.com/raid/champions/sethallia/
806,Warcaster,bannerlords,https://hellhades.com/raid/champions/warcaster/
1558,Flesheater,ogryn-tribes,https://hellhades.com/raid/champions/flesheater/
21565,Crusher,barbarians,https://hellhades.com/raid/champions/crusher/
1251,Totem,orcs,https://hellhades.com/raid/champions/totem/
913,Royal Huntsman,high-elves,https://hellhades.com/raid/champions/royal-huntsman/
1083,Galkut,ogryn-tribes,https://hellhades.com/raid/champions/galkut/
1451,Maiden,sacred-order,https://hellhades.com/raid/champions/maiden/
1059,Infernal Baroness,demonspawn,https://hellhades.com/raid/champions/infernal-baroness/
21556,Dervish,barbarians,https://hellhades.com/raid/champions/dervish/
1032,Lightsworn,sacred-order,https://hellhades.com/raid/champions/lightsworn/
1134,Bushi,sacred-order,https://hellhades.com/raid/champions/bushi/
1531,Grandmaster,bannerlords,https://hellhades.com/raid/champions/grandmaster/
1497,Hollow,undead-hordes,https://hellhades.com/raid/champions/hollow/
1299,War Mother,ogryn-tribes,https://hellhades.com/raid/champions/war-mother/
21629,Pitspawn,demonspawn,https://hellhades.com/raid/champions/pitspawn/
629,Altan,barbarians,https://hellhades.com/raid/champions/altan/
918,Shaman,orcs,https://hellhades.com/raid/champions/shaman/
630,Adriel,sacred-order,https://hellhades.com/raid/champions/adriel/
1049,Jotunn,barbarians,https://hellhades.com/raid/champions/jotunn/
854,Taurus,skinwalkers,https://hellhades.com/raid/champions/taurus/
745,Ignatius,ogryn-tribes,https://hellhades.com/raid/champions/ignatius/
1065,Hope,sacred-order,https://hellhades.com/raid/champions/hope/
1373,Skirmisher,barbarians,https://hellhades.com/raid/champions/skirmisher/
1424,Ox,barbarians,https://hellhades.com/raid/champions/ox/
1483,Ifrit,demonspawn,https://hellhades.com/raid/champions/ifrit/
1612,Chevalier,bannerlords,https://hellhades.com/raid/champions/chevalier/
672,Basher,skinwalkers,https://hellhades.com/raid/champions/basher/
1089,Flesh-Tearer,skinwalkers,https://hellhades.com/raid/champions/flesh-tearer/
979,Ripper,skinwalkers,https://hellhades.com/raid/champions/ripper/
1529,Grappler,skinwalkers,https://hellhades.com/raid/champions/grappler/
1632,Bloodhorn,skinwalkers,https://hellhades.com/raid/champions/bloodhorn/
763,Longbeard,skinwalkers,https://hellhades.com/raid/champions/longbeard/
741,Hakkorhn Smashlord,skinwalkers,https://hellhades.com/raid/champions/hakkorhn-smashlord/
1375,Skink,lizardmen,https://hellhades.com/raid/champions/skink/
1543,Gator,lizardmen,https://hellhades.com/raid/champions/gator/
29262,Lonatharil,high-elves,https://hellhades.com/raid/champions/lonatharil/
1443,Marquis,demonspawn,https://hellhades.com/raid/champions/marquis/
1562,Fellhound,demonspawn,https://hellhades.com/raid/champions/fellhound/
1118,Crypt Witch,knight-revenant,https://hellhades.com/raid/champions/crypt-witch/
1589,Daywalker,knight-revenant,https://hellhades.com/raid/champions/daywalker/
1106,Doompriest,knight-revenant,https://hellhades.com/raid/champions/doompriest/
1638,Bellower,ogryn-tribes,https://hellhades.com/raid/champions/bellower/
1410,Pounder,ogryn-tribes,https://hellhades.com/raid/champions/pounder/
21572,Frostskin,ogryn-tribes,https://hellhades.com/raid/champions/frostskin/
21573,Oldbeard,ogryn-tribes,https://hellhades.com/raid/champions/oldbeard/
1464,Magister,high-elves,https://hellhades.com/raid/champions/magister/
1392,Retainer,dark-elves,https://hellhades.com/raid/champions/retainer/
21638,Heartpiercer,dark-elves,https://hellhades.com/raid/champions/heartpiercer/
1108,Delver,dark-elves,https://hellhades.com/raid/champions/delver/
1566,Eviscerator,dark-elves,https://hellhades.com/raid/champions/eviscerator/
1224,Wanderer,dark-elves,https://hellhades.com/raid/champions/wanderer/
981,Relickeeper,sacred-order,https://hellhades.com/raid/champions/relickeeper/
737,Gurgoh the Augur,ogryn-tribes,https://hellhades.com/raid/champions/gurgoh-the-augur/
1365,Slitherbrute,lizardmen,https://hellhades.com/raid/champions/slitherbrute/
1445,Marquess,demonspawn,https://hellhades.com/raid/champions/marquess/
705,Cruetraxa,demonspawn,https://hellhades.com/raid/champions/cruetraxa/
1144,Basilisk,lizardmen,https://hellhades.com/raid/champions/basilisk/
1193,Zephyr Sniper,barbarians,https://hellhades.com/raid/champions/zephyr-sniper/
751,Kantra the Cyclone,barbarians,https://hellhades.com/raid/champions/kantra-the-cyclone/
1055,Jareg,lizardmen,https://hellhades.com/raid/champions/jareg/
947,Sir Nicholas,sacred-order,https://hellhades.com/raid/champions/sir-nicholas/
983,Reinbeast,skinwalkers,https://hellhades.com/raid/champions/reinbeast/
1053,Jinglehunter,high-elves,https://hellhades.com/raid/champions/jinglehunter/
1087,Frostbringer,sacred-order,https://hellhades.com/raid/champions/frostbringer/
1210,Witness,sacred-order,https://hellhades.com/raid/champions/witness/
1481,Interceptor,high-elves,https://hellhades.com/raid/champions/interceptor/
1388,Rotting Mage,undead-hordes,https://hellhades.com/raid/champions/rotting-mage/
1449,Malbranche,demonspawn,https://hellhades.com/raid/champions/malbranche/
21628,Pit Cur,demonspawn,https://hellhades.com/raid/champions/pit-cur/
1247,Treefeller,orcs,https://hellhades.com/raid/champions/treefeller/
1552,Fortress Goon,ogryn-tribes,https://hellhades.com/raid/champions/fortress-goon/
1618,Centurion,knight-revenant,https://hellhades.com/raid/champions/centurion/
1596,Crimson Slayer,knight-revenant,https://hellhades.com/raid/champions/crimson-slayer/
1325,Steel Bowyer,dark-elves,https://hellhades.com/raid/champions/steel-bowyer/
1420,Pain Keeper,dark-elves,https://hellhades.com/raid/champions/pain-keeper/
1511,Harvester,dark-elves,https://hellhades.com/raid/champions/harvester/
1235,Vanguard,bannerlords,https://hellhades.com/raid/champions/vanguard/
715,Drexthar Bloodtwin,demonspawn,https://hellhades.com/raid/champions/drexthar-bloodtwin/
746,Inithwe Bloodtwin,demonspawn,https://hellhades.com/raid/champions/inithwe-bloodtwin/
710,Crypt-King Graal,undead-hordes,https://hellhades.com/raid/champions/crypt-king-graal/
743,Hegemon,knight-revenant,https://hellhades.com/raid/champions/hegemon/
1005,Missionary,sacred-order,https://hellhades.com/raid/champions/missionary/
1132,Cagebreaker,ogryn-tribes,https://hellhades.com/raid/champions/cagebreaker/
841,Towering Titan,ogryn-tribes,https://hellhades.com/raid/champions/towering-titan/
1051,Jizoh,lizardmen,https://hellhades.com/raid/champions/jizoh/
1159,Alika,barbarians,https://hellhades.com/raid/champions/alika-2/
905,Sikara,barbarians,https://hellhades.com/raid/champions/sikara/
990,Pitiless One,knight-revenant,https://hellhades.com/raid/champions/pitiless-one/
1081,Golden Reaper,knight-revenant,https://hellhades.com/raid/champions/golden-reaper/
847,Teshada,barbarians,https://hellhades.com/raid/champions/teshada/
995,Occult Brawler,ogryn-tribes,https://hellhades.com/raid/champions/occult-brawler/
21406,Aristocrat,high-elves,https://hellhades.com/raid/champions/aristocrat/
21574,Hungerer,ogryn-tribes,https://hellhades.com/raid/champions/hungerer/
21623,Tracker,orcs,https://hellhades.com/raid/champions/tracker/
21575,Thrasher,ogryn-tribes,https://hellhades.com/raid/champions/thrasher/
1253,Tormentor,demonspawn,https://hellhades.com/raid/champions/tormentor/
1199,Adjudicator,high-elves,https://hellhades.com/raid/champions/adjudicator/
21336,Thrall,knight-revenant,https://hellhades.com/raid/champions/thrall/
1313,Temptress,undead-hordes,https://hellhades.com/raid/champions/temptress/
1381,Seducer,undead-hordes,https://hellhades.com/raid/champions/seducer/
1493,Hospitaller,sacred-order,https://hellhades.com/raid/champions/hospitaller/
1515,Harrier,sacred-order,https://hellhades.com/raid/champions/harrier/
860,Tallia,sacred-order,https://hellhades.com/raid/champions/tallia/
1091,Fenax,sacred-order,https://hellhades.com/raid/champions/fenax/
1047,Juliana,sacred-order,https://hellhades.com/raid/champions/juliana/
975,Romero,sacred-order,https://hellhades.com/raid/champions/romero/
1044,Kallia,barbarians,https://hellhades.com/raid/champions/kallia/
646,Atur,barbarians,https://hellhades.com/raid/champions/atur/
1309,Zavia,dark-elves,https://hellhades.com/raid/champions/zavia/
686,Belanor,high-elves,https://hellhades.com/raid/champions/belanor/
1281,Venus,sacred-order,https://hellhades.com/raid/champions/venus/
711,Cupidus,sacred-order,https://hellhades.com/raid/champions/cupidus/
837,Umbral Enchantress,demonspawn,https://hellhades.com/raid/champions/umbral-enchantress/
1203,Tyrant Ixlimor,demonspawn,https://hellhades.com/raid/champions/tyrant-ixlimor/
892,Snorting Thug,skinwalkers,https://hellhades.com/raid/champions/snorting-thug/
1513,Haruspex,lizardmen,https://hellhades.com/raid/champions/haruspex/
676,Arbiter,high-elves,https://hellhades.com/raid/champions/arbiter/
941,Shamrock,ogryn-tribes,https://hellhades.com/raid/champions/shamrock/
1323,Stitched Beast,undead-hordes,https://hellhades.com/raid/champions/stitched-beast/
29324,Sniktraak,skinwalkers,https://hellhades.com/raid/champions/sniktraak/
29328,Teodor the Savant,knight-revenant,https://hellhades.com/raid/champions/teodor-the-savant/
684,Basileus Roanas,high-elves,https://hellhades.com/raid/champions/basileus-roanas/
1398,Reliquary Tender,high-elves,https://hellhades.com/raid/champions/reliquary-tender/
1209,Amarantine Skeleton,undead-hordes,https://hellhades.com/raid/champions/amarantine-skeleton/
1125,Catacomb Councilor,undead-hordes,https://hellhades.com/raid/champions/catacomb-councilor/
1110,Defiled Sinner,undead-hordes,https://hellhades.com/raid/champions/defiled-sinner/
29322,Rakka Viletide,orcs,https://hellhades.com/raid/champions/rakka-viletide/
757,Krisk the Ageless,lizardmen,https://hellhades.com/raid/champions/krisk-the-ageless/
735,Grohak the Bloodied,orcs,https://hellhades.com/raid/champions/grohak-the-bloodied/
1017,Maeve,barbarians,https://hellhades.com/raid/champions/maeve/
3311,Haarken Greatblade,barbarians,https://hellhades.com/raid/champions/haarken-greatblade/
1402,Ragemonger,barbarians,https://hellhades.com/raid/champions/ragemonger/
21333,Bully,barbarians,https://hellhades.com/raid/champions/bully/
21557,Head Taker,barbarians,https://hellhades.com/raid/champions/head-taker/
864,Suwai Firstborn,barbarians,https://hellhades.com/raid/champions/suwai-firstborn/
21349,Lurker,dark-elves,https://hellhades.com/raid/champions/lurker/
1129,Captain Temila,dark-elves,https://hellhades.com/raid/champions/captain-temila/
21394,Word Bearer,bannerlords,https://hellhades.com/raid/champions/word-bearer/
7167,Chancellor Yasmin,bannerlords,https://hellhades.com/raid/champions/chancellor-yasmin/
955,Suzerain Katonn,undead-hordes,https://hellhades.com/raid/champions/suzerain-katonn/
21404,Frontline Warrior,bannerlords,https://hellhades.com/raid/champions/frontline-warrior/
21634,Dead Crusader,undead-hordes,https://hellhades.com/raid/champions/dead-crusader/
759,Lanakis the Chosen,dark-elves,https://hellhades.com/raid/champions/lanakis-the-chosen/
21570,Sandbow,barbarians,https://hellhades.com/raid/champions/sandbow/
1626,Bombardier,bannerlords,https://hellhades.com/raid/champions/bombardier/
721,Elder Skarg,barbarians,https://hellhades.com/raid/champions/elder-skarg/
11229,Deacon Armstrong,sacred-order,https://hellhades.com/raid/champions/deacon-armstrong/
958,Sepulcher Sentinel,knight-revenant,https://hellhades.com/raid/champions/sepulcher-sentinel/
31216,Maranix,dark-elves,https://hellhades.com/raid/champions/maranix/
30266,Mighty Ukko,skinwalkers,https://hellhades.com/raid/champions/mighty-ukko/
11217,Nogdar The Headhunter,orcs,https://hellhades.com/raid/champions/nogdar-the-headhunter/
3314,Ruffstone,ogryn-tribes,https://hellhades.com/raid/champions/ruffstone/
755,Kreela Witch-Arm,orcs,https://hellhades.com/raid/champions/kreela-witch-arm/
1499,Hill Nomad,barbarians,https://hellhades.com/raid/champions/hill-nomad/
1327,Steadfast Marshal,bannerlords,https://hellhades.com/raid/champions/steadfast-marshal/
1123,Corpse Collector,undead-hordes,https://hellhades.com/raid/champions/corpse-collector/
1003,Mistress of Hymns,sacred-order,https://hellhades.com/raid/champions/mistress-of-hymns/
1297,Vizier Ovelis,dark-elves,https://hellhades.com/raid/champions/vizier-ovelis/
701,Candraphon,demonspawn,https://hellhades.com/raid/champions/candraphon/
1100,Excruciator,demonspawn,https://hellhades.com/raid/champions/excruciator/
1069,High Khatun,barbarians,https://hellhades.com/raid/champions/high-khatun/
787,Yaga The Insatiable,skinwalkers,https://hellhades.com/raid/champions/yaga-the-insatiable/
1116,Dark Athel,undead-hordes,https://hellhades.com/raid/champions/dark-athel/
729,Foli,dark-elves,https://hellhades.com/raid/champions/foli/
1428,Ogryn Jailer,ogryn-tribes,https://hellhades.com/raid/champions/ogryn-jailer/
1009,Mausoleum Mage,undead-hordes,https://hellhades.com/raid/champions/mausoleum-mage/
1541,Ghoulish Ranger,undead-hordes,https://hellhades.com/raid/champions/ghoulish-ranger/
1307,Yannica,high-elves,https://hellhades.com/raid/champions/yannica/
969,Sandlashed Survivor,orcs,https://hellhades.com/raid/champions/sandlashed-survivor/
3318,Pigsticker,orcs,https://hellhades.com/raid/champions/pigsticker/
1185,Teela Goremane,orcs,https://hellhades.com/raid/champions/teela-goremane/
2034,Bergoth the Malformed,knight-revenant,https://hellhades.com/raid/champions/bergoth-the-malformed/
999,Necrohunter,knight-revenant,https://hellhades.com/raid/champions/necrohunter/
961,Seneschal,bannerlords,https://hellhades.com/raid/champions/seneschal/
1521,Grumbler,dwarves,https://hellhades.com/raid/champions/grumbler/
977,Rock Breaker,dwarves,https://hellhades.com/raid/champions/rock-breaker/
1386,Runic Warder,dwarves,https://hellhades.com/raid/champions/runic-warder/
1622,Bulwark,dwarves,https://hellhades.com/raid/champions/bulwark/
1466,Madman,dwarves,https://hellhades.com/raid/champions/madman/
11228,Runekeeper Dazdurk,dwarves,https://hellhades.com/raid/champions/runekeeper-dazdurk/
985,Rearguard Sergeant,dwarves,https://hellhades.com/raid/champions/rearguard-sergeant/
21645,Slicer,dwarves,https://hellhades.com/raid/champions/slicer/
21643,Line Infantry,dwarves,https://hellhades.com/raid/champions/line-infantry/
1418,Painsmith,dwarves,https://hellhades.com/raid/champions/painsmith/
1075,Grizzled Jarl,dwarves,https://hellhades.com/raid/champions/grizzled-jarl/
1191,Trunda Giltmallet,dwarves,https://hellhades.com/raid/champions/trunda-giltmallet/
827,Mountain King,dwarves,https://hellhades.com/raid/champions/mountain-king/
21642,Chemist,dwarves,https://hellhades.com/raid/champions/chemist/
666,Baerdal Fellhammer,dwarves,https://hellhades.com/raid/champions/baerdal-fellhammer/
1290,Beast Wrestler,dwarves,https://hellhades.com/raid/champions/beast-wrestler/
1441,Master Butcher,dwarves,https://hellhades.com/raid/champions/master-butcher/
1495,Honor Guard,dwarves,https://hellhades.com/raid/champions/honor-guard/
1319,Stout Axeman,dwarves,https://hellhades.com/raid/champions/stout-axeman/
21646,Tunnel Steward,dwarves,https://hellhades.com/raid/champions/tunnel-steward/
21630,Vilespawn,demonspawn,https://hellhades.com/raid/champions/vilespawn/
21622,Suntribe,orcs,https://hellhades.com/raid/champions/suntribe/
1437,Mother Superior,sacred-order,https://hellhades.com/raid/champions/mother-superior/
1036,Lady Etessa,sacred-order,https://hellhades.com/raid/champions/lady-etessa/
1085,Gala Longbraids,dwarves,https://hellhades.com/raid/champions/gala-longbraids/
1243,Twinclaw Disciple,orcs,https://hellhades.com/raid/champions/twinclaw-disciple/
1600,Corpulent Cadaver,undead-hordes,https://hellhades.com/raid/champions/corpulent-cadaver/
719,Duchess Lilitu,demonspawn,https://hellhades.com/raid/champions/duchess-lilitu/
3305,Thea the Tomb Angel,knight-revenant,https://hellhades.com/raid/champions/thea-the-tomb-angel/
1359,Soulbond Bowyer,barbarians,https://hellhades.com/raid/champions/soulbond-bowyer/
1412,Perforator,dwarves,https://hellhades.com/raid/champions/perforator/
30282,Staltus Dragonbane,bannerlords,https://hellhades.com/raid/champions/staltus-dragonbane/
1608,Coffin Smasher,knight-revenant,https://hellhades.com/raid/champions/coffin-smasher/
816,Ursine Icecrusher,skinwalkers,https://hellhades.com/raid/champions/ursine-icecrusher/
881,Stag Knight,bannerlords,https://hellhades.com/raid/champions/stag-knight/
1550,Frozen Banshee,undead-hordes,https://hellhades.com/raid/champions/frozen-banshee/
1305,Wurlim Frostking,knight-revenant,https://hellhades.com/raid/champions/wurlim-frostking/
818,Maulie Tankard,dwarves,https://hellhades.com/raid/champions/maulie-tankard/
894,Skytouched Shaman,barbarians,https://hellhades.com/raid/champions/skytouched-shaman/
3309,Inquisitor Shamael,sacred-order,https://hellhades.com/raid/champions/inquisitor-shamael/
1094,Fang Cleric,dark-elves,https://hellhades.com/raid/champions/fang-cleric/
890,Harvest Jack,undead-hordes,https://hellhades.com/raid/champions/harvest-jack/
1020,Madame Serris,dark-elves,https://hellhades.com/raid/champions/madame-serris/
1007,Miscreated Monster,knight-revenant,https://hellhades.com/raid/champions/miscreated-monster/
697,Brakus the Shifter,skinwalkers,https://hellhades.com/raid/champions/brakus-the-shifter/
839,Ultimate Galek,orcs,https://hellhades.com/raid/champions/ultimate-galek/
812,Valla,barbarians,https://hellhades.com/raid/champions/valla/
799,Whisper,knight-revenant,https://hellhades.com/raid/champions/whisper/
1189,Tormin the Cold,dwarves,https://hellhades.com/raid/champions/tormin-the-cold/
739,Gurptuk Moss-Beard,ogryn-tribes,https://hellhades.com/raid/champions/gurptuk-moss-beard/
11231,Quargan The Crowned,lizardmen,https://hellhades.com/raid/champions/quargan-the-crowned/
1433,Myrmidon,bannerlords,https://hellhades.com/raid/champions/myrmidon/
1591,Cudgeler,dwarves,https://hellhades.com/raid/champions/cudgeler/
1509,Hatchet Slinger,dwarves,https://hellhades.com/raid/champions/hatchet-slinger/
1556,Fleshmonger,skinwalkers,https://hellhades.com/raid/champions/fleshmonger/
1560,Fencer,high-elves,https://hellhades.com/raid/champions/fencer/
773,Lydia the Deathsiren,dark-elves,https://hellhades.com/raid/champions/lydia-the-deathsiren/
30273,Acrizia,dwarves,https://hellhades.com/raid/champions/acrizia/
1527,Gravechill Killer,undead-hordes,https://hellhades.com/raid/champions/gravechill-killer/
814,Ursine Ironhide,skinwalkers,https://hellhades.com/raid/champions/ursine-ironhide/
945,Siphi the Lost Bride,undead-hordes,https://hellhades.com/raid/champions/siphi-the-lost-bride/
908,Rotos the Lost Groom,undead-hordes,https://hellhades.com/raid/champions/rotos-the-lost-groom/
753,Khoronar,skinwalkers,https://hellhades.com/raid/champions/khoronar/
821,Minaya,bannerlords,https://hellhades.com/raid/champions/minaya/
717,Drokgul the Gaunt,ogryn-tribes,https://hellhades.com/raid/champions/drokgul-the-gaunt/
3320,Nekhret the Great,undead-hordes,https://hellhades.com/raid/champions/nekhret-the-great/
3322,Rector Drath,knight-revenant,https://hellhades.com/raid/champions/rector-drath/
3316,Aox the Rememberer,lizardmen,https://hellhades.com/raid/champions/aox-the-rememberer/
30335,Dirandil,dark-elves,https://hellhades.com/raid/champions/dirandil/
30331,Skraank,ogryn-tribes,https://hellhades.com/raid/champions/skraank/
31272,Fortus,knight-revenant,https://hellhades.com/raid/champions/fortus/
31282,Tomoe,shadowkin,https://hellhades.com/raid/champions/tomoe/
17837,Geomancer,dwarves,https://hellhades.com/raid/champions/geomancer/
31287,Prosecutor,high-elves,https://hellhades.com/raid/champions/prosecutor/
33044,Harima,shadowkin,https://hellhades.com/raid/champions/harima/
21644,Icebound Prospector,dwarves,https://hellhades.com/raid/champions/icebound-prospector/
33038,Corvis the Corruptor,sacred-order,https://hellhades.com/raid/champions/corvis-the-corruptor/
33040,Samson the Masher,skinwalkers,https://hellhades.com/raid/champions/samson-the-masher/
15699,Mordecai,sacred-order,https://hellhades.com/raid/champions/mordecai/
3301,Gomlok Skyhide,orcs,https://hellhades.com/raid/champions/gomlok-skyhide/
7168,Vogoth,undead-hordes,https://hellhades.com/raid/champions/vogoth/
703,Cillian the Lucky,bannerlords,https://hellhades.com/raid/champions/cillian-the-lucky/
934,Saito,undead-hordes,https://hellhades.com/raid/champions/saito/
1114,Dark Elhain,undead-hordes,https://hellhades.com/raid/champions/dark-elhain/
1030,Lordly Legionary,bannerlords,https://hellhades.com/raid/champions/lordly-legionary/
936,Scyl of the Drakes,barbarians,https://hellhades.com/raid/champions/scyl-of-the-drakes/
951,Skull Lord Var-Gall,lizardmen,https://hellhades.com/raid/champions/skull-lord-var-gall/
3300,Archmage Hellmut,bannerlords,https://hellhades.com/raid/champions/archmage-hellmut/
3304,Rian the Conjurer,dark-elves,https://hellhades.com/raid/champions/rian-the-conjurer/
3302,Akoth the Seared,demonspawn,https://hellhades.com/raid/champions/akoth-the-seared/
3303,Urost the Soulcage,undead-hordes,https://hellhades.com/raid/champions/urost-the-soulcage/
1168,Tainix Hateflower,demonspawn,https://hellhades.com/raid/champions/tainix-hateflower/
1176,Ghrush the Mangler,ogryn-tribes,https://hellhades.com/raid/champions/ghrush-the-mangler/
1292,Visix the Unbowed,dark-elves,https://hellhades.com/raid/champions/visix-the-unbowed/
1583,Dilgol,dwarves,https://hellhades.com/raid/champions/dilgol/
1537,Gloril Brutebane,dwarves,https://hellhades.com/raid/champions/gloril-brutebane/
1573,Dunestrider,barbarians,https://hellhades.com/raid/champions/dunestrider/
1581,Dolor Lorekeeper,dwarves,https://hellhades.com/raid/champions/dolor-lorekeeper/
1249,Ripperfist,orcs,https://hellhades.com/raid/champions/ripperfist/
1228,Wagonbane,ogryn-tribes,https://hellhades.com/raid/champions/wagonbane/
1245,Wyvernbane,orcs,https://hellhades.com/raid/champions/wyvernbane/
1363,Solaris,sacred-order,https://hellhades.com/raid/champions/solaris/
1575,Drowned Bloatwraith,undead-hordes,https://hellhades.com/raid/champions/drowned-bloatwraith/
1406,Purgator,sacred-order,https://hellhades.com/raid/champions/purgator/
1507,Headsman,sacred-order,https://hellhades.com/raid/champions/headsman/
1394,Renouncer,sacred-order,https://hellhades.com/raid/champions/renouncer/
1404,Quaestor,bannerlords,https://hellhades.com/raid/champions/quaestor/
1276,Avir the Alchemage,dwarves,https://hellhades.com/raid/champions/avir-the-alchemage/
1383,Sanctum Protector,sacred-order,https://hellhades.com/raid/champions/sanctum-protector/
1577,Draconis,sacred-order,https://hellhades.com/raid/champions/draconis/
1167,Tuhak the Wanderer,orcs,https://hellhades.com/raid/champions/tuhak-the-wanderer/
1174,Kaiden,dark-elves,https://hellhades.com/raid/champions/kaiden/
1178,Fayne,skinwalkers,https://hellhades.com/raid/champions/fayne/
1148,Baroth the Bloodsoaked,barbarians,https://hellhades.com/raid/champions/baroth-the-bloodsoaked/
1286,Vergumkaar,lizardmen,https://hellhades.com/raid/champions/vergumkaar/
1262,Ursuga Warcaller,barbarians,https://hellhades.com/raid/champions/ursuga-warcaller/
761,Little Miss Annie,undead-hordes,https://hellhades.com/raid/champions/little-miss-annie/
829,Narma the Returned,knight-revenant,https://hellhades.com/raid/champions/narma-the-returned/
1011,Masked Fearmonger,bannerlords,https://hellhades.com/raid/champions/masked-fearmonger/
723,Elegaius,undead-hordes,https://hellhades.com/raid/champions/elegaius/
3312,Tigersoul,barbarians,https://hellhades.com/raid/champions/tigersoul/
7166,Melga Steelgirdle,dwarves,https://hellhades.com/raid/champions/melga-steelgirdle/
3315,Geargrinder,ogryn-tribes,https://hellhades.com/raid/champions/geargrinder/
3306,Gerhard the Stone,bannerlords,https://hellhades.com/raid/champions/gerhard-the-stone/
3317,Panthera,skinwalkers,https://hellhades.com/raid/champions/panthera/
3323,Rugnor Goldgleam,dwarves,https://hellhades.com/raid/champions/rugnor-goldgleam/
3324,Kurzad Deepheart,dwarves,https://hellhades.com/raid/champions/kurzad-deepheart/
11222,Flailer,dwarves,https://hellhades.com/raid/champions/flailer/
3308,Dagger,bannerlords,https://hellhades.com/raid/champions/dagger/
11230,Boltsmith,dwarves,https://hellhades.com/raid/champions/boltsmith/
3307,Alaric the Hooded,bannerlords,https://hellhades.com/raid/champions/alaric-the-hooded/
3321,Balthus Drauglord,undead-hordes,https://hellhades.com/raid/champions/balthus-drauglord/
7171,Armina,barbarians,https://hellhades.com/raid/champions/armina/
3310,Yakarl the Scourge,barbarians,https://hellhades.com/raid/champions/yakarl-the-scourge/
3313,Grunch Killjoy,ogryn-tribes,https://hellhades.com/raid/champions/grunch-killjoy/
3274,Pyxniel,high-elves,https://hellhades.com/raid/champions/pyxniel/
3319,Achak the Wendarin,demonspawn,https://hellhades.com/raid/champions/achak-the-wendarin/
33042,Noct the Paralyzer,dark-elves,https://hellhades.com/raid/champions/noct-the-paralyzer/
7165,Roxam,lizardmen,https://hellhades.com/raid/champions/roxam/
11244,Prundar,ogryn-tribes,https://hellhades.com/raid/champions/prundar/
7162,King Garog,orcs,https://hellhades.com/raid/champions/king-garog/
11218,Samar Gemcursed,dwarves,https://hellhades.com/raid/champions/samar-gemcursed/
7201,Uugo,ogryn-tribes,https://hellhades.com/raid/champions/uugo/
11238,Lodric Falconheart,sacred-order,https://hellhades.com/raid/champions/lodric-falconheart/
7173,Ursala the Mourner,bannerlords,https://hellhades.com/raid/champions/ursala-the-mourner/
11241,Fodbor The Bard,dwarves,https://hellhades.com/raid/champions/fodbor-the-bard/
11243,Klodd Beastfeeder,ogryn-tribes,https://hellhades.com/raid/champions/klodd-beastfeeder/
7175,Anax,undead-hordes,https://hellhades.com/raid/champions/anax/
7183,Fahrakin the Fat,barbarians,https://hellhades.com/raid/champions/fahrakin-the-fat/
7049,Iron Brago,orcs,https://hellhades.com/raid/champions/iron-brago/
7184,Dhukk the Pierced,orcs,https://hellhades.com/raid/champions/dhukk-the-pierced/
7199,Sanguinia,sacred-order,https://hellhades.com/raid/champions/sanguinia/
7200,Old Hermit Jorrg,orcs,https://hellhades.com/raid/champions/old-hermit-jorrg/
32986,Ceez,ogryn-tribes,https://hellhades.com/raid/champions/ceez/
11227,Scrapper,barbarians,https://hellhades.com/raid/champions/scrapper/
11235,Tarshon,demonspawn,https://hellhades.com/raid/champions/tarshon/
11226,Abyssal,demonspawn,https://hellhades.com/raid/champions/abyssal/
11233,Pestilus,knight-revenant,https://hellhades.com/raid/champions/pestilus/
11220,Cardiel,sacred-order,https://hellhades.com/raid/champions/cardiel/
11225,Sicia Flametongue,demonspawn,https://hellhades.com/raid/champions/sicia-flametongue/
11216,Astralon,sacred-order,https://hellhades.com/raid/champions/astralon/
11242,Godseeker Aniri,sacred-order,https://hellhades.com/raid/champions/godseeker-aniri/
11221,Countess Lix,demonspawn,https://hellhades.com/raid/champions/countess-lix/
13860,Genzin,shadowkin,https://hellhades.com/raid/champions/genzin/
13506,Yoshi the Drunkard,shadowkin,https://hellhades.com/raid/champions/yoshi-the-drunkard/
13862,Jintoro,shadowkin,https://hellhades.com/raid/champions/jintoro/
13867,Sachi,shadowkin,https://hellhades.com/raid/champions/sachi/
13868,Oboro,shadowkin,https://hellhades.com/raid/champions/oboro/
13869,Toragi The Frog,shadowkin,https://hellhades.com/raid/champions/toragi-the-frog/
13883,Fanatic,shadowkin,https://hellhades.com/raid/champions/fanatic/
13870,Chonoru,shadowkin,https://hellhades.com/raid/champions/chonoru/
13891,Lifetaker,shadowkin,https://hellhades.com/raid/champions/lifetaker/
13898,Bloodmask,shadowkin,https://hellhades.com/raid/champions/bloodmask/
13890,Conscript,shadowkin,https://hellhades.com/raid/champions/conscript/
13897,Infiltrator,shadowkin,https://hellhades.com/raid/champions/infiltrator/
14765,Underpriest Brogni,dwarves,https://hellhades.com/raid/champions/underpriest-brogni/
15694,Riho Bonespear,shadowkin,https://hellhades.com/raid/champions/riho-bonespear/
15688,Fenshi,shadowkin,https://hellhades.com/raid/champions/fenshi/
15697,Giscard the Sigiled,bannerlords,https://hellhades.com/raid/champions/giscard-the-sigiled/
15701,Skimfos the Consumed,demonspawn,https://hellhades.com/raid/champions/skimfos-the-consumed/
17543,Ruel the Huntmaster,dark-elves,https://hellhades.com/raid/champions/ruel-the-huntmaster/
17855,Helior,bannerlords,https://hellhades.com/raid/champions/helior/
17945,Ramantu Drakesblood,lizardmen,https://hellhades.com/raid/champions/ramantu-drakesblood/
17865,Gorlos Hellmaw,demonspawn,https://hellhades.com/raid/champions/gorlos-hellmaw/
17876,Hotatsu,shadowkin,https://hellhades.com/raid/champions/hotatsu/
17871,Chani,shadowkin,https://hellhades.com/raid/champions/chani/
17869,Genbo the Dishonored,shadowkin,https://hellhades.com/raid/champions/genbo-the-dishonored/
17868,Burangiri,shadowkin,https://hellhades.com/raid/champions/burangiri/
17867,Marauder,shadowkin,https://hellhades.com/raid/champions/marauder/
17848,Vagabond,shadowkin,https://hellhades.com/raid/champions/vagabond/
18672,Hurndig,dwarves,https://hellhades.com/raid/champions/hurndig/
18714,Lady Kimi,shadowkin,https://hellhades.com/raid/champions/lady-kimi/
18718,Nobel,shadowkin,https://hellhades.com/raid/champions/nobel/
20682,Taya,shadowkin,https://hellhades.com/raid/champions/taya/
18720,Siegehulk,ogryn-tribes,https://hellhades.com/raid/champions/siegehulk/
18717,Gory,shadowkin,https://hellhades.com/raid/champions/gory/
18716,Skathix,lizardmen,https://hellhades.com/raid/champions/skathix/
18715,Hoforees the Tusked,skinwalkers,https://hellhades.com/raid/champions/hoforees-the-tusked/
18700,Mycolus,ogryn-tribes,https://hellhades.com/raid/champions/mycolus/
18698,Hellborn Sprite,demonspawn,https://hellhades.com/raid/champions/hellborn-sprite/
18697,Odachi,shadowkin,https://hellhades.com/raid/champions/odachi/
18696,Assassin,shadowkin,https://hellhades.com/raid/champions/assassin/
20441,Ninja,shadowkin,https://hellhades.com/raid/champions/ninja/
20679,Varl the Destroyer,orcs,https://hellhades.com/raid/champions/varl-the-destroyer/
19363,Versulf the Grim,knight-revenant,https://hellhades.com/raid/champions/versulf-the-grim/
19396,Cleopterix,skinwalkers,https://hellhades.com/raid/champions/cleopterix/
20721,Teumesia,skinwalkers,https://hellhades.com/raid/champions/teumesia/
19395,Tuhanarak,barbarians,https://hellhades.com/raid/champions/tuhanarak/
20678,Ba Satha,lizardmen,https://hellhades.com/raid/champions/ba-satha/
19393,Pharsalas Gravedirt,knight-revenant,https://hellhades.com/raid/champions/pharsalas-gravedirt/
19394,Venomage,lizardmen,https://hellhades.com/raid/champions/venomage/
20723,Leorius the Proud,skinwalkers,https://hellhades.com/raid/champions/leorius-the-proud/
20697,Mother Cybele,knight-revenant,https://hellhades.com/raid/champions/mother-cybele/
20677,Vasal of the Seal,demonspawn,https://hellhades.com/raid/champions/vasal-of-the-seals/
20681,Dark Kael,dark-elves,https://hellhades.com/raid/champions/dark-kael/
20680,Gwynneth,dark-elves,https://hellhades.com/raid/champions/gwynneth/
20730,Magnarr,demonspawn,https://hellhades.com/raid/champions/magnarr/
20733,Conellia,dwarves,https://hellhades.com/raid/champions/conellia/
20736,Jurojin,shadowkin,https://hellhades.com/raid/champions/jurojin/
20728,Tolf the Maimed,orcs,https://hellhades.com/raid/champions/tolf-the-maimed/
20726,Urogrim,ogryn-tribes,https://hellhades.com/raid/champions/urogrim/
20767,Candleguard,dwarves,https://hellhades.com/raid/champions/candleguard/
20766,Ashwalker,knight-revenant,https://hellhades.com/raid/champions/ashwalker/
20765,Hellfreak,demonspawn,https://hellhades.com/raid/champions/hellfreak/
20764,Lumberer,ogryn-tribes,https://hellhades.com/raid/champions/lumberer/
22999,Kyoku,shadowkin,https://hellhades.com/raid/champions/kyoku/
23884,Danag Skullreap,orcs,https://hellhades.com/raid/champions/danag-skullreap/
24818,Archbishop Pinthroy,sacred-order,https://hellhades.com/raid/champions/archbishop-pinthroy/
21463,Roric Wyrmbane,barbarians,https://hellhades.com/raid/champions/roric-wyrmbane/
22998,Wythir the Crowned,demonspawn,https://hellhades.com/raid/champions/wythir-the-crowned/
22249,Duhr the Hungerer,demonspawn,https://hellhades.com/raid/champions/duhr-the-hungerer/
22246,Thylessia,knight-revenant,https://hellhades.com/raid/champions/thylessia/
22247,Scabrius,skinwalkers,https://hellhades.com/raid/champions/scabrius/
22232,Demytha,dwarves,https://hellhades.com/raid/champions/demytha/
22993,Urticata,demonspawn,https://hellhades.com/raid/champions/urticata/
26956,Lady Eresh,knight-revenant,https://hellhades.com/raid/champions/lady-eresh/
22172,Sigmund the Highshield,bannerlords,https://hellhades.com/raid/champions/sigmund-the-highshield/
23172,Aleksandr the Sharpshooter,high-elves,https://hellhades.com/raid/champions/aleksandr-the-sharpshooter/
23863,Arndulf,bannerlords,https://hellhades.com/raid/champions/arndulf/
26255,Liburga,orcs,https://hellhades.com/raid/champions/liburga/
29986,Nogoryo,shadowkin,https://hellhades.com/raid/champions/nogoryo/
27325,Kinagashi,shadowkin,https://hellhades.com/raid/champions/kinagashi/
23490,Itinerant,shadowkin,https://hellhades.com/raid/champions/itinerant/
23488,Castigator,sacred-order,https://hellhades.com/raid/champions/castigator/
23462,Misericord,bannerlords,https://hellhades.com/raid/champions/misericord/
23489,Ordinator,dark-elves,https://hellhades.com/raid/champions/ordinator/
21509,Kalvalax,knight-revenant,https://hellhades.com/raid/champions/kalvalax/
22496,Vlad the Nightborn,undead-hordes,https://hellhades.com/raid/champions/vlad-the-nightborn/
22543,Konstantin the Dayborn,sacred-order,https://hellhades.com/raid/champions/konstantin-the-dayborn/
29279,Anchorite,sacred-order,https://hellhades.com/raid/champions/anchorite/
26707,Raf-Matab,barbarians,https://hellhades.com/raid/champions/raf-matab/
23000,Gamuran,shadowkin,https://hellhades.com/raid/champions/gamuran/
24259,Guurda Bogbrew,ogryn-tribes,https://hellhades.com/raid/champions/guurda-bogbrew/
22881,Vildrax,demonspawn,https://hellhades.com/raid/champions/vildrax/
23181,Scion,demonspawn,https://hellhades.com/raid/champions/scion/
23245,Mithrala Lifebane,dark-elves,https://hellhades.com/raid/champions/mithrala-lifebane/
23486,Gliseah Soulguide,sacred-order,https://hellhades.com/raid/champions/gliseah-soulguide/
23371,Tatura Rimehide,high-elves,https://hellhades.com/raid/champions/tatura-rimehide/
23475,Chaagur,lizardmen,https://hellhades.com/raid/champions/chaagur/
23492,Umetogi,shadowkin,https://hellhades.com/raid/champions/umetogi/
23491,Masamoto,shadowkin,https://hellhades.com/raid/champions/masamoto/
23493,Visionary,dark-elves,https://hellhades.com/raid/champions/visionary/
23494,Broodlord,lizardmen,https://hellhades.com/raid/champions/broodlord/
23871,Jingwon,shadowkin,https://hellhades.com/raid/champions/jingwon/
23769,Opardin Clanfather,barbarians,https://hellhades.com/raid/champions/opardin-clanfather/
23883,Holsring,sacred-order,https://hellhades.com/raid/champions/holsring/
23882,Kunoichi,shadowkin,https://hellhades.com/raid/champions/kunoichi/
23881,Old Ghrukkus,ogryn-tribes,https://hellhades.com/raid/champions/old-ghrukkus/
23880,Lady Quilen,bannerlords,https://hellhades.com/raid/champions/lady-quilen/
24895,Boragar the Elder,dwarves,https://hellhades.com/raid/champions/boragar-the-elder/
24899,Karato Foxhunter,shadowkin,https://hellhades.com/raid/champions/karato-foxhunter/
24904,Yumeko,shadowkin,https://hellhades.com/raid/champions/yumeko/
24800,Sir Artimage,bannerlords,https://hellhades.com/raid/champions/sir-artimage/
24896,Fylja,dwarves,https://hellhades.com/raid/champions/fylja/
24821,Theresc,dark-elves,https://hellhades.com/raid/champions/theresc/
24816,Andryssia,high-elves,https://hellhades.com/raid/champions/andryssia/
24819,Trugorr,barbarians,https://hellhades.com/raid/champions/trugorr/
24813,Spymaster,bannerlords,https://hellhades.com/raid/champions/spymaster/
24817,Medicus,high-elves,https://hellhades.com/raid/champions/medicus/
24820,Cagebound,lizardmen,https://hellhades.com/raid/champions/cagebound/
26270,Ginro the Stork,shadowkin,https://hellhades.com/raid/champions/ginro-the-stork/
26267,Gronjarr,dwarves,https://hellhades.com/raid/champions/gronjarr/
25758,Nari The Lucky,dwarves,https://hellhades.com/raid/champions/nari-the-lucky/
26253,Zii Ixchi,lizardmen,https://hellhades.com/raid/champions/zii-ixchi/
26264,Cromax Moonblood,dark-elves,https://hellhades.com/raid/champions/cromax-moonblood/
26262,Krakarth,dark-elves,https://hellhades.com/raid/champions/krakarth/
27324,Lamibur,skinwalkers,https://hellhades.com/raid/champions/lamibur/
26356,Gaius The Gleeful,knight-revenant,https://hellhades.com/raid/champions/gaius-the-gleeful/
28544,Truath,dark-elves,https://hellhades.com/raid/champions/truath/
30045,Ultimate Deathknight,undead-hordes,https://hellhades.com/raid/champions/ultimate-deathknight/
26891,Deliana,high-elves,https://hellhades.com/raid/champions/deliana/
28536,Nekmo Thaar,lizardmen,https://hellhades.com/raid/champions/nekmo-thaar/
26690,Bivald of the Thorn,sacred-order,https://hellhades.com/raid/champions/bivald-of-the-thorn/
28537,Ragash,skinwalkers,https://hellhades.com/raid/champions/ragash/
28538,Hephraak,demonspawn,https://hellhades.com/raid/champions/hephraak/
29315,Wuji,shadowkin,https://hellhades.com/raid/champions/wuji/
29314,Carlinia,sacred-order,https://hellhades.com/raid/champions/carlinia/
29320,Yelagirna,orcs,https://hellhades.com/raid/champions/yelagirna/
30330,Phranox,knight-revenant,https://hellhades.com/raid/champions/phranox/
28547,Keeyra the Watcher,dwarves,https://hellhades.com/raid/champions/keeyra-the-watcher/
27308,Helicath,demonspawn,https://hellhades.com/raid/champions/helicath/
28545,Shemnath,knight-revenant,https://hellhades.com/raid/champions/shemnath/
28524,Walking Tomb Dreng,knight-revenant,https://hellhades.com/raid/champions/walking-tomb-dreng/
29167,Arix,knight-revenant,https://hellhades.com/raid/champions/arix/
29329,Crohnam,barbarians,https://hellhades.com/raid/champions/crohnam/
28546,Goffred Brassclad,dwarves,https://hellhades.com/raid/champions/goffred-brassclad/
29330,Djamarsa,barbarians,https://hellhades.com/raid/champions/djamarsa/
33032,Lorn the Cutter,ogryn-tribes,https://hellhades.com/raid/champions/lorn-the-cutter/
32868,Hoskarul,barbarians,https://hellhades.com/raid/champions/hoskarul/
33027,Eolfrig,bannerlords,https://hellhades.com/raid/champions/eolfrig/
33030,Skeuramis,high-elves,https://hellhades.com/raid/champions/skeuramis/
33034,Tagoar,orcs,https://hellhades.com/raid/champions/tagoar/
33036,Suiren,shadowkin,https://hellhades.com/raid/champions/suiren/
31647,Morrigaine,undead-hordes,https://hellhades.com/raid/champions/morrigaine/
31903,Ailil,sylvan-watchers,https://hellhades.com/raid/champions/ailil/
31853,Michinaki,shadowkin,https://hellhades.com/raid/champions/michinaki/
33236,Ronda,bannerlords,https://hellhades.com/raid/champions/ronda/
31860,Elva Autumnborn,sylvan-watchers,https://hellhades.com/raid/champions/elva-autumnborn/
31897,Greenwarden Ruarc,sylvan-watchers,https://hellhades.com/raid/champions/greenwarden-ruarc/
31871,King Gallcobar,sylvan-watchers,https://hellhades.com/raid/champions/king-gallcobar/
31768,Myciliac Priest Orn,sylvan-watchers,https://hellhades.com/raid/champions/myciliac-priest-orn/
31847,Lady Annabelle,bannerlords,https://hellhades.com/raid/champions/lady-annabelle/
31711,Duedan the Runic,sylvan-watchers,https://hellhades.com/raid/champions/duedan-the-runic/
31691,Cormac the Highpeak,sylvan-watchers,https://hellhades.com/raid/champions/cormac-the-highpeak/
31782,Ruella,sylvan-watchers,https://hellhades.com/raid/champions/ruella/
31839,White Dryad Nia,sylvan-watchers,https://hellhades.com/raid/champions/white-dryad-nia/
31733,Mistrider Daithi,sylvan-watchers,https://hellhades.com/raid/champions/mistrider-daithi/
31680,Pathfinder Cait,sylvan-watchers,https://hellhades.com/raid/champions/pathfinder-cait/
33506,Gnishak Verminlord,skinwalkers,https://hellhades.com/raid/champions/gnishak-verminlord/
33625,Taras the Fierce,bannerlords,https://hellhades.com/raid/champions/taras-the-fierce/
33583,Marichka the Unbreakable,bannerlords,https://hellhades.com/raid/champions/marichka-the-unbreakable/
33576,Georgid the Breaker,knight-revenant,https://hellhades.com/raid/champions/georgid-the-breaker/
33579,Tramaria,dark-elves,https://hellhades.com/raid/champions/tramaria/
33627,Aeshma,knight-revenant,https://hellhades.com/raid/champions/aeshma/
33632,Endalia,high-elves,https://hellhades.com/raid/champions/endalia/
33637,Morag Bronzelock,dwarves,https://hellhades.com/raid/champions/morag-bronzelock/
33635,Trumborr,orcs,https://hellhades.com/raid/champions/trumborr/
33552,Riscarm,bannerlords,https://hellhades.com/raid/champions/riscarm/
34195,Korugar Death-Bell,ogryn-tribes,https://hellhades.com/raid/champions/korugar-death-bell/
34111,Pythion,lizardmen,https://hellhades.com/raid/champions/pythion/
38614,Greathoof Loriaca,skinwalkers,https://hellhades.com/raid/champions/greathoof-loriaca/
34085,Searsha The Charred,sylvan-watchers,https://hellhades.com/raid/champions/searsha-the-charred/
34206,Akemtum,skinwalkers,https://hellhades.com/raid/champions/akemtum/
34211,Enda Moonbeam,sylvan-watchers,https://hellhades.com/raid/champions/enda-moonbeam/
34208,Kellan the Shrike,sylvan-watchers,https://hellhades.com/raid/champions/kellan-the-shrike/
36345,Wyrennon The Silken,sylvan-watchers,https://hellhades.com/raid/champions/wyrennon-the-silken/
34785,Oella,sylvan-watchers,https://hellhades.com/raid/champions/oella/
34885,Ultan Of The Shell,dark-elves,https://hellhades.com/raid/champions/ultan-of-the-shell/
35523,Supreme Kael,dark-elves,https://hellhades.com/raid/champions/supreme-kael/
35527,Supreme Galek,orcs,https://hellhades.com/raid/champions/supreme-galek/
35530,Supreme Athel,sacred-order,https://hellhades.com/raid/champions/supreme-athel/
35433,Supreme Elhain,high-elves,https://hellhades.com/raid/champions/supreme-elhain/
34852,Merouka,orcs,https://hellhades.com/raid/champions/merouka/
34862,Shadowbow Tirlac,sylvan-watchers,https://hellhades.com/raid/champions/shadowbow-tirlac/
36102,Quintus the Triumphant,bannerlords,https://hellhades.com/raid/champions/quintus-the-triumphant/
36348,Locwain,sylvan-watchers,https://hellhades.com/raid/champions/locwain/
36350,Claidna,sylvan-watchers,https://hellhades.com/raid/champions/claidna/
36286,Razelvarg,skinwalkers,https://hellhades.com/raid/champions/razelvarg/
38297,Artak,orcs,https://hellhades.com/raid/champions/artak/
36341,Delaaja,lizardmen,https://hellhades.com/raid/champions/delaaja/
36343,Margrave Greenhawk,sylvan-watchers,https://hellhades.com/raid/champions/margrave-greenhawk/
37758,Graazur Irongut,ogryn-tribes,https://hellhades.com/raid/champions/graazur-irongut/
37593,Jetni The Giant,barbarians,https://hellhades.com/raid/champions/jetni-the-giant/
37745,Alsgor Crimsonhorn,barbarians,https://hellhades.com/raid/champions/alsgor-crimsonhorn/
37753,Criodan The Blue,sylvan-watchers,https://hellhades.com/raid/champions/criodan-the-blue/
37762,Wuzgar,ogryn-tribes,https://hellhades.com/raid/champions/wuzgar/
37760,Ilysinya,high-elves,https://hellhades.com/raid/champions/ilysinya/
40805,Sun Wukong,skinwalkers,https://hellhades.com/raid/champions/sun-wukong/
39783,Lady of Ireth,sylvan-watchers,https://hellhades.com/raid/champions/lady-of-ireth/
39124,Tatsu,shadowkin,https://hellhades.com/raid/champions/tatsu/
39343,Gnut,dwarves,https://hellhades.com/raid/champions/gnut/
39786,Valkanen,undead-hordes,https://hellhades.com/raid/champions/valkanen/
39391,Ambassador Lethelin,high-elves,https://hellhades.com/raid/champions/ambassador-lethelin/
39399,Weregren Suncursed,skinwalkers,https://hellhades.com/raid/champions/weregren-suncursed/
39393,Ethlen the Golden,high-elves,https://hellhades.com/raid/champions/ethlen-the-golden/
39397,Loneblade Riab,sylvan-watchers,https://hellhades.com/raid/champions/loneblade-riab/
39395,Treeshield Knott,sylvan-watchers,https://hellhades.com/raid/champions/treeshield-knott/
40405,Emic Trunkheart,sylvan-watchers,https://hellhades.com/raid/champions/emic-trunkheart/
40488,Sulfuryion,lizardmen,https://hellhades.com/raid/champions/sulfuryion/
40492,Jagg Bonesaw,orcs,https://hellhades.com/raid/champions/jagg-bonesaw/
41055,Strategos Islin,high-elves,https://hellhades.com/raid/champions/strategos-islin/
40474,Fren&#8217;zi The Cackler,skinwalkers,https://hellhades.com/raid/champions/frenzi-the-cackler/
40467,Fyr-gun Isbeil,dwarves,https://hellhades.com/raid/champions/fyr-gun-isbeil/
40470,Aeila Lifebraid,sylvan-watchers,https://hellhades.com/raid/champions/aeila-lifebraid/
41215,Siegfrund the Nephilim,sacred-order,https://hellhades.com/raid/champions/siegfrund-the-nephilim/
41221,Gharol Bloodmaul,orcs,https://hellhades.com/raid/champions/gharol-bloodmaul/
41228,Arbais the Stonethorn,sylvan-watchers,https://hellhades.com/raid/champions/arbais-the-stonethorn/
41230,Mezomel Luperfang,skinwalkers,https://hellhades.com/raid/champions/mezomel-luperfang/
43203,Lady Mikage,shadowkin,https://hellhades.com/raid/champions/lady-mikage/
42895,Bambus Fourleaf,skinwalkers,https://hellhades.com/raid/champions/bambus-fourleaf/
42933,Togron the Conjoined,ogryn-tribes,https://hellhades.com/raid/champions/togron-the-conjoined/
42928,Vitrius the Anointed,sacred-order,https://hellhades.com/raid/champions/vitrius-the-anointed/
42953,Pann The Bowhorn,sylvan-watchers,https://hellhades.com/raid/champions/pann-the-bowhorn/
42951,Malkith Bloodflock,knight-revenant,https://hellhades.com/raid/champions/malkith-bloodflock/
42925,Meatcarver Tolog,skinwalkers,https://hellhades.com/raid/champions/meatcarver-tolog/
42923,Selinia Nightcloak,high-elves,https://hellhades.com/raid/champions/selinia-nightcloak/
42927,Petrifya Rockroot,demonspawn,https://hellhades.com/raid/champions/petrifya-rockroot/
42930,Longsword Torrux,knight-revenant,https://hellhades.com/raid/champions/longsword-torrux/
40922,Shu-Zhen the Valorous,shadowkin,https://hellhades.com/raid/champions/shu-zhen-the-valorous/
41232,Frolni the Mechanist,dwarves,https://hellhades.com/raid/champions/frolni-the-mechanist/
43450,Night Queen Krixia,knight-revenant,https://hellhades.com/raid/champions/night-queen-krixia/
43395,Timit the Fool,bannerlords,https://hellhades.com/raid/champions/timit-the-fool/
43448,Kaja the Wry,bannerlords,https://hellhades.com/raid/champions/kaja-the-wry/
43444,Krok&#8217;mar the Devourer,lizardmen,https://hellhades.com/raid/champions/krokmar-the-devourer/
43446,Belletar Mage-slayer,ogryn-tribes,https://hellhades.com/raid/champions/belletar-mage-slayer/
43440,Neldor Rimeblade,high-elves,https://hellhades.com/raid/champions/neldor-rimeblade/
43442,Ostrox Boneglaive,undead-hordes,https://hellhades.com/raid/champions/ostrox-boneglaive/
43438,Glenspear,sylvan-watchers,https://hellhades.com/raid/champions/glenspear/
43435,Branchweaver,sylvan-watchers,https://hellhades.com/raid/champions/branchweaver/
44023,Hierophant Lazarius,lizardmen,https://hellhades.com/raid/champions/hierophant-lazarius/
44025,Aphidus The Hivelord,dark-elves,https://hellhades.com/raid/champions/aphidus-the-hivelord/
43959,Ugir the Wyrmeater,ogryn-tribes,https://hellhades.com/raid/champions/ugir-the-wyrmeater/
43893,Xena: Warrior Princess,barbarians,https://hellhades.com/raid/champions/xena-warrior-princess/
44671,Bovos Sharphorn,skinwalkers,https://hellhades.com/raid/champions/bovos-sharphorn/
44021,Tribuck Colwyn,sylvan-watchers,https://hellhades.com/raid/champions/tribuck-colwyn/
44620,Karnage the Anarch,demonspawn,https://hellhades.com/raid/champions/karnage-the-anarch/
44673,Firrol The Barkhorn,sylvan-watchers,https://hellhades.com/raid/champions/firrol-the-barkhorn/
44581,Blizaar The Howler,ogryn-tribes,https://hellhades.com/raid/champions/blizaar-the-howler/
44675,Karilon The Ringer,knight-revenant,https://hellhades.com/raid/champions/karilon-the-ringer/
44668,Gwyndolin The Silent,skinwalkers,https://hellhades.com/raid/champions/gwyndolin-the-silent/
45325,Androc The Glorious,bannerlords,https://hellhades.com/raid/champions/androc-the-glorious/
45319,Rathalos Blademaster,bannerlords,https://hellhades.com/raid/champions/rathalos-blademaster/
45322,Zinogre Blademaster,shadowkin,https://hellhades.com/raid/champions/zinogre-blademaster/
45330,R. Nergigante Archer,barbarians,https://hellhades.com/raid/champions/r-nergigante-archer/
45340,Alatreon Blademaster,knight-revenant,https://hellhades.com/raid/champions/alatreon-blademaster/
45336,Fatalis Blademaster,dark-elves,https://hellhades.com/raid/champions/fatalis-blademaster/
45744,Alaz The Sunbearer,barbarians,https://hellhades.com/raid/champions/alaz-the-sunbearer/
45738,Starsage Galathir,high-elves,https://hellhades.com/raid/champions/starsage-galathir/
45669,Highmother Maud,sacred-order,https://hellhades.com/raid/champions/highmother-maud/
45714,Wight King Narses,knight-revenant,https://hellhades.com/raid/champions/wight-king-narses/
45692,Wight Queen Ankora,knight-revenant,https://hellhades.com/raid/champions/wight-queen-ankora/
45734,Acelin The Stalwart,bannerlords,https://hellhades.com/raid/champions/acelin-the-stalwart/
46316,Khafru The Deathkeeper,undead-hordes,https://hellhades.com/raid/champions/khafru-the-deathkeeper/
45746,Boughsmith Flannan,sylvan-watchers,https://hellhades.com/raid/champions/boughsmith-flannan/
46949,The Calamitus,undead-hordes,https://hellhades.com/raid/champions/the-calamitus/
46310,Gizmak The Terrible,ogryn-tribes,https://hellhades.com/raid/champions/gizmak-the-terrible/
46262,Marius the Gallant,skinwalkers,https://hellhades.com/raid/champions/marius-the-gallant/
46318,Grand Oak Padraig,sylvan-watchers,https://hellhades.com/raid/champions/grand-oak-padraig/
46274,Armanz the Magnificent,barbarians,https://hellhades.com/raid/champions/armanz-the-magnificent/
46308,Fyna Blade Of Aravia,high-elves,https://hellhades.com/raid/champions/fyna-blade-of-aravia/
46947,Toshiro The Bloody,shadowkin,https://hellhades.com/raid/champions/toshiro-the-bloody/
46916,Eostrid Dreamsong,sylvan-watchers,https://hellhades.com/raid/champions/eostrid-dreamsong/
46952,Falmond Mournsword,sacred-order,https://hellhades.com/raid/champions/falmond-mournsword/
46955,Wallmaster Othorion,high-elves,https://hellhades.com/raid/champions/wallmaster-othorion/
47178,Chronicler Adelyn,bannerlords,https://hellhades.com/raid/champions/chronicler-adelyn/
47590,Arwydd Quivergrass,sylvan-watchers,https://hellhades.com/raid/champions/arwydd-quivergrass/
47584,Teryx The Restless,lizardmen,https://hellhades.com/raid/champions/teryx-the-restless/
48318,Nais the Shadowthief,sylvan-watchers,https://hellhades.com/raid/champions/nais-the-shadowthief/
47582,Galleus Bloodcrest,skinwalkers,https://hellhades.com/raid/champions/galleus-bloodcrest/
47580,Dune Lord Greggor,barbarians,https://hellhades.com/raid/champions/dune-lord-greggor/
47593,Senna Amberheart,dwarves,https://hellhades.com/raid/champions/senna-amberheart/
47588,Giath The Truthshield,knight-revenant,https://hellhades.com/raid/champions/giath-the-truthshield/
47180,Vault Keeper Wixwell,sacred-order,https://hellhades.com/raid/champions/vault-keeper-wixwell/
47586,Glaicad Of The Meltwater,sylvan-watchers,https://hellhades.com/raid/champions/glaicad-of-the-meltwater/
48314,Vizug the Noxious,ogryn-tribes,https://hellhades.com/raid/champions/vizug-the-noxious/
48320,Yncensa Grail-bearer,sylvan-watchers,https://hellhades.com/raid/champions/yncensa-grail-bearer/
48255,The Incarnate,high-elves,https://hellhades.com/raid/champions/the-incarnate/
48312,Mathias Blackflail,sacred-order,https://hellhades.com/raid/champions/mathias-blackflail/
48316,Slixus Stripehide,lizardmen,https://hellhades.com/raid/champions/slixus-stripehide/
48322,Ingid Twyst-staff,sylvan-watchers,https://hellhades.com/raid/champions/ingid-twyst-staff/
50244,Komidus Darksmile,demonspawn,https://hellhades.com/raid/champions/komidus-darksmile/
50247,Legate Teox,lizardmen,https://hellhades.com/raid/champions/legate-teox/
50249,Diamant Coppercoin,ogryn-tribes,https://hellhades.com/raid/champions/diamant-coppercoin/
49774,Authoratrix Lamasu,demonspawn,https://hellhades.com/raid/champions/authoratrix-lamasu/
49644,Packmaster Shy&#8217;ek,orcs,https://hellhades.com/raid/champions/packmaster-shyek/
50742,Skorid The Halfspawn,demonspawn,https://hellhades.com/raid/champions/skorid-the-halfspawn/
50807,Bowf The Rancid,skinwalkers,https://hellhades.com/raid/champions/bowf-the-rancid/
50809,Branch-Arm Lasair,sylvan-watchers,https://hellhades.com/raid/champions/branch-arm-lasair/
51064,Ash’nar Dragonsoul,orcs,https://hellhades.com/raid/champions/ashnar-dragonsoul/
51062,Bolint Freewalker,skinwalkers,https://hellhades.com/raid/champions/bolint-freewalker/
51425,Loki the Deceiver,barbarians,https://hellhades.com/raid/champions/loki-the-deceiver/
51670,Thor Faehammer,barbarians,https://hellhades.com/raid/champions/thor-faehammer/
51511,Freyja Fateweaver,barbarians,https://hellhades.com/raid/champions/freyja-fateweaver/
51513,Odin Faefather,barbarians,https://hellhades.com/raid/champions/odin-faefather/
54406,Embrys The Anomaly,knight-revenant,https://hellhades.com/raid/champions/embrys-the-anomaly/
52074,Aragaz Wyldking,orcs,https://hellhades.com/raid/champions/aragaz-wyldking/
52078,Onryo Ieyasu,shadowkin,https://hellhades.com/raid/champions/onryo-ieyasu/
52080,Caoilte the Asharrow,sylvan-watchers,https://hellhades.com/raid/champions/caoilte-the-asharrow/
52076,Matriarch Zarguna,orcs,https://hellhades.com/raid/champions/matriarch-zarguna/
52225,Brewguard Jeroboam,ogryn-tribes,https://hellhades.com/raid/champions/brewguard-jeroboam/
51695,Dyana Gloompiercer,sylvan-watchers,https://hellhades.com/raid/champions/dyana-gloompiercer/
52685,Nell Blackteeth,sylvan-watchers,https://hellhades.com/raid/champions/nell-blackteeth/
52689,Vulkanos Fumor,demonspawn,https://hellhades.com/raid/champions/vulkanos-fumor/
52687,Arnorn The Shining,dwarves,https://hellhades.com/raid/champions/arnorn-the-shining/
52651,Hansel Witchhunter,sacred-order,https://hellhades.com/raid/champions/hansel-witchhunter/
52653,Gretel Hagbane,sacred-order,https://hellhades.com/raid/champions/gretel-hagbane/
56212,Fjorad Wolfheart,dwarves,https://hellhades.com/raid/champions/fjorad-wolfheart/
53896,Skeletor,knight-revenant,https://hellhades.com/raid/champions/skeletor/
53925,He-Man,sacred-order,https://hellhades.com/raid/champions/he-man/
53734,Tribune Herakletes,undead-hordes,https://hellhades.com/raid/champions/tribune-herakletes/
53747,Craklin the Blackened,ogryn-tribes,https://hellhades.com/raid/champions/craklin-the-blackened/
53738,Pheidi Tealcrest,lizardmen,https://hellhades.com/raid/champions/pheidi-tealcrest/
53607,Stokk The Broken,ogryn-tribes,https://hellhades.com/raid/champions/stokk-the-broken/
55092,Swarmspeaker Zyclic,dark-elves,https://hellhades.com/raid/champions/swarmspeaker-zyclic/
55020,Lady Noelle,sacred-order,https://hellhades.com/raid/champions/lady-noelle/
55080,High Keeper Prysma,high-elves,https://hellhades.com/raid/champions/high-keeper-prysma/
55082,Belz the Reckoner,orcs,https://hellhades.com/raid/champions/belz-the-reckoner/
55088,Wysteri Vineguard,sylvan-watchers,https://hellhades.com/raid/champions/wysteri-vineguard/
55084,Redcloak Taneko,shadowkin,https://hellhades.com/raid/champions/redcloak-taneko/
52693,Signy Of Highshield,bannerlords,https://hellhades.com/raid/champions/signy-of-highshield/
52691,Denid The Tusk Knight,bannerlords,https://hellhades.com/raid/champions/denid-the-tusk-knight/
55370,Losan K’Leth,knight-revenant,https://hellhades.com/raid/champions/losan-kleth/
55372,Alice the Wanderer,sacred-order,https://hellhades.com/raid/champions/alice-the-wanderer/
55374,Cheshire Cat,demonspawn,https://hellhades.com/raid/champions/cheshire-cat/
55376,Mad Hatter,knight-revenant,https://hellhades.com/raid/champions/mad-hatter/
55378,Queen of Hearts,knight-revenant,https://hellhades.com/raid/champions/queen-of-hearts/
55380,Knave of Hearts,undead-hordes,https://hellhades.com/raid/champions/knave-of-hearts/
55382,Dawncaller Sabitha,knight-revenant,https://hellhades.com/raid/champions/dawncaller-sabitha/
56063,Admiral Blacktusk,dwarves,https://hellhades.com/raid/champions/admiral-blacktusk/
56141,Esme the Dancer,barbarians,https://hellhades.com/raid/champions/esme-the-dancer/
56148,Modo of the Peal,ogryn-tribes,https://hellhades.com/raid/champions/modo-of-the-peal/
56210,Chalco the Blind,demonspawn,https://hellhades.com/raid/champions/chalco-the-blind/
56214,Arashi the Riptide,shadowkin,https://hellhades.com/raid/champions/arashi-the-riptide/
56885,Theodosia the Disgraced,undead-hordes,https://hellhades.com/raid/champions/theodosia-the-disgraced/
56883,Tetsuya the Deliverer,shadowkin,https://hellhades.com/raid/champions/tetsuya-the-deliverer/
56826,Lord Entertainer Fabian,undead-hordes,https://hellhades.com/raid/champions/lord-entertainer-fabian/
56889,Kawn Branchbreaker,orcs,https://hellhades.com/raid/champions/kawn-branchbreaker/
56893,Dune Herald Zaharis,barbarians,https://hellhades.com/raid/champions/dune-herald-zaharis/
56887,First Ax Tuskkor,ogryn-tribes,https://hellhades.com/raid/champions/first-ax-tuskkor/
56880,Lightward Siendra,high-elves,https://hellhades.com/raid/champions/lightward-siendra/
56891,Hidestitcher Boorn,skinwalkers,https://hellhades.com/raid/champions/hidestitcher-boorn/
61391,Polara Fireheart,sacred-order,https://hellhades.com/raid/champions/polara-fireheart/
58939,Bladechorister Caldor,sylvan-watchers,https://hellhades.com/raid/champions/bladechorister-caldor/
58919,Iudex Artor,sacred-order,https://hellhades.com/raid/champions/iudex-artor/
58633,Lysanthir Beastbane,high-elves,https://hellhades.com/raid/champions/lysanthir-beastbane/
58921,Kerin the Harvester,lizardmen,https://hellhades.com/raid/champions/kerin-the-harvester/
58946,Aratheia Corpseflower,sylvan-watchers,https://hellhades.com/raid/champions/aratheia-corpseflower/
58928,Yuzan the Marooned,skinwalkers,https://hellhades.com/raid/champions/yuzan-the-marooned/
69381,Joan The Luminant,bannerlords,https://hellhades.com/raid/champions/joan-the-luminant/
61393,Praeva The Slitherer,demonspawn,https://hellhades.com/raid/champions/praeva-the-slitherer/
61136,Ishiyama The Immovable,shadowkin,https://hellhades.com/raid/champions/ishiyama-the-immovable/
61414,Uzol of the Jade,dwarves,https://hellhades.com/raid/champions/uzol-of-the-jade/
61418,"Niamhe, Spear of Nyresa",sylvan-watchers,https://hellhades.com/raid/champions/niamhe-spear-of-nyresa/
62557,Kurosa The Covetous,demonspawn,https://hellhades.com/raid/champions/kurosa-the-covetous/
63183,Leminisi the Gold-wing,sylvan-watchers,https://hellhades.com/raid/champions/leminisi-the-gold-wing/
62949,Gracchos Turn-Drake,demonspawn,https://hellhades.com/raid/champions/gracchos-turn-drake/
62960,Balar the Lost,sylvan-watchers,https://hellhades.com/raid/champions/balar-the-lost/
62813,Tholin Foulbeard,dwarves,https://hellhades.com/raid/champions/tholin-foulbeard/
63158,Gnarox Blackhorn,skinwalkers,https://hellhades.com/raid/champions/gnarox-blackhorn/
63160,Glensage Cithrel,sylvan-watchers,https://hellhades.com/raid/champions/glensage-cithrel/
70061,Arachoa Moonspinner,dark-elves,https://hellhades.com/raid/champions/arachoa-moonspinner/
64969,Osgrun The Defiler,dwarves,https://hellhades.com/raid/champions/osgrun-the-defiler/
64965,Amoch the First Satrap,lizardmen,https://hellhades.com/raid/champions/amoch-the-first-satrap/
64733,Titus Blackplume,bannerlords,https://hellhades.com/raid/champions/titus-blackplume/
65945,Kro’khad the Throatripper,orcs,https://hellhades.com/raid/champions/krokhad-the-throatripper/
64972,Ghomm Yellowhand,skinwalkers,https://hellhades.com/raid/champions/ghomm-yellowhand/
66946,April O&#8217;Neil,sacred-order,https://hellhades.com/raid/champions/april-oneil/
66944,Michelangelo,bannerlords,https://hellhades.com/raid/champions/michelangelo/
66950,Donatello,lizardmen,https://hellhades.com/raid/champions/donatello/
66952,Leonardo,shadowkin,https://hellhades.com/raid/champions/leonardo/
66948,Raphael,barbarians,https://hellhades.com/raid/champions/raphael/
66954,Shredder,shadowkin,https://hellhades.com/raid/champions/shredder/
69844,Anaxia The Reborn,lizardmen,https://hellhades.com/raid/champions/anaxia-the-reborn/
68129,Klaazag Keyhulk,ogryn-tribes,https://hellhades.com/raid/champions/klaazag-keyhulk/
68132,Hilda Arnorndottr,dwarves,https://hellhades.com/raid/champions/hilda-arnorndottr/
68135,Gladewulf,sylvan-watchers,https://hellhades.com/raid/champions/gladewulf/
68126,Granyt Doorkeep,dwarves,https://hellhades.com/raid/champions/granyt-doorkeep/
69560,Predator,lizardmen,https://hellhades.com/raid/champions/predator/
70342,Pontiff Augustin,knight-revenant,https://hellhades.com/raid/champions/pontiff-augustin/
68820,Sanguine Maria,undead-hordes,https://hellhades.com/raid/champions/sanguine-maria/
68876,Gaspard the Accused,undead-hordes,https://hellhades.com/raid/champions/gaspard-the-accused/
68873,Venalicia Thrallmother,knight-revenant,https://hellhades.com/raid/champions/venalicia-thrallmother/
68870,Thorn Golem,sylvan-watchers,https://hellhades.com/raid/champions/thorn-golem/
69563,Xenomorph,dark-elves,https://hellhades.com/raid/champions/xenomorph/
69310,Kroz Wallbreaker,ogryn-tribes,https://hellhades.com/raid/champions/kroz-wallbreaker/
69383,"Gaellut, Son of the Pact",orcs,https://hellhades.com/raid/champions/gaellut-son-of-the-pact/
72222,Bladerider,argonites,https://hellhades.com/raid/champions/bladerider/
72279,Sunken Sentinel,argonites,https://hellhades.com/raid/champions/sunken-sentinel/
72236,Acolyte Of The Slither,argonites,https://hellhades.com/raid/champions/acolyte-of-the-slither/
70012,"Yukimasa, Demon Of Ice",shadowkin,https://hellhades.com/raid/champions/yukimasa-demon-of-ice/
70072,Cecilia The Red Hope,bannerlords,https://hellhades.com/raid/champions/cecilia-the-red-hope/
70049,Hilvi The Rime-called,dwarves,https://hellhades.com/raid/champions/hilvi-the-rime-called/
70447,Galapo The Recluse,lizardmen,https://hellhades.com/raid/champions/galapo-the-recluse/
70053,"Maddak, Eyes of Skyiron",dwarves,https://hellhades.com/raid/champions/maddak-eyes-of-skyiron/
70075,Silvain The Paramour,bannerlords,https://hellhades.com/raid/champions/silvain-the-paramour/
70441,Bayek,barbarians,https://hellhades.com/raid/champions/bayek/
70399,Kassandra,argonites,https://hellhades.com/raid/champions/kassandra/
70438,Basim Ibn Ishaq,sacred-order,https://hellhades.com/raid/champions/basim-ibn-ishaq/
70372,Ezio Auditore,sacred-order,https://hellhades.com/raid/champions/ezio-auditore/
70444,Edward Kenway,bannerlords,https://hellhades.com/raid/champions/edward-kenway/
72218,Deephook Nagis,argonites,https://hellhades.com/raid/champions/deephook-nagis/
71771,Arne The White,barbarians,https://hellhades.com/raid/champions/arne-the-white/
71761,Noldua The Gloaming,dark-elves,https://hellhades.com/raid/champions/noldua-the-gloaming/
71764,Solanar The Gleaming,high-elves,https://hellhades.com/raid/champions/solanar-the-gleaming/
71773,Vestele Riverthorn,sylvan-watchers,https://hellhades.com/raid/champions/vestele-riverthorn/
72204,Tidemaster Dexikos,argonites,https://hellhades.com/raid/champions/tidemaster-dexikos/
72225,Lionsguard Galatea,argonites,https://hellhades.com/raid/champions/lionsguard-galatea/
72228,Crimson Pegason,argonites,https://hellhades.com/raid/champions/crimson-pegason/
72196,Blood Marchioness Mina,undead-hordes,https://hellhades.com/raid/champions/blood-marchioness-mina/
72199,Keberon the Underflame,argonites,https://hellhades.com/raid/champions/keberon-the-underflame/
72207,Glorious Pallas,argonites,https://hellhades.com/raid/champions/glorious-pallas/
72215,Storm Herald Hekaton,argonites,https://hellhades.com/raid/champions/storm-herald-hekaton/
72186,Pelops The Victor,argonites,https://hellhades.com/raid/champions/pelops-the-victor/